<application>
  <component name="GitRememberedInputs">
    <option name="visitedUrls">
      <list>
        <UrlAndUserName>
          <option name="url" value="https://github.com/fsdeveloperting/newstart.git" />
          <option name="userName" value="" />
        </UrlAndUserName>
        <UrlAndUserName>
          <option name="url" value="http://stash.weimob.com" />
          <option name="userName" value="weiting.tao" />
        </UrlAndUserName>
        <UrlAndUserName>
          <option name="url" value="http://185.186.146.10:3000" />
          <option name="userName" value="taowt" />
        </UrlAndUserName>
        <UrlAndUserName>
          <option name="url" value="http://185.186.146.10:11300" />
          <option name="userName" value="taowt" />
        </UrlAndUserName>
        <UrlAndUserName>
          <option name="url" value="http://repo.asleepwalker.tk" />
          <option name="userName" value="taowt" />
        </UrlAndUserName>
        <UrlAndUserName>
          <option name="url" value="http://weiting.tao@stash.weimob.com/scm/wf/saas-fe-xapp-ec.git" />
          <option name="userName" value="" />
        </UrlAndUserName>
        <UrlAndUserName>
          <option name="url" value="http://weiting.tao@stash.weimob.com/scm/wf/saas-fe-console-retail-kraken.git" />
          <option name="userName" value="" />
        </UrlAndUserName>
        <UrlAndUserName>
          <option name="url" value="http://weiting.tao@stash.weimob.com/scm/wf/saas-fe-console-retail2-kraken.git" />
          <option name="userName" value="" />
        </UrlAndUserName>
      </list>
    </option>
    <option name="cloneParentDir" value="$USER_HOME$/workspace/weimob" />
  </component>
  <component name="Vcs.Log.App.Settings">
    <option name="COLUMN_ORDER">
      <list>
        <option value="0" />
        <option value="1" />
        <option value="2" />
        <option value="3" />
      </list>
    </option>
  </component>
</application>