<application>
  <component name="FileTypeManager" version="17">
    <ignoreFiles list="*.hprof;*.pyc;*.pyo;*.rbc;*~;.DS_Store;.git;.hg;.svn;CVS;RCS;SCCS;__pycache__;_svn;rcs;vssver.scc;vssver2.scc;" />
    <extensionMap>
      <mapping ext="wxss" type="CSS" />
      <mapping ext="wxml" type="HTML" />
      <mapping pattern="wyk_tzgg,jsp" type="JSP" />
      <mapping pattern="www" type="JavaScript" />
      <mapping pattern="bmys.vue" type="PLAIN_TEXT" />
      <mapping pattern=".gitkeep" type="PLAIN_TEXT" />
      <mapping pattern="ee" type="PLAIN_TEXT" />
    </extensionMap>
  </component>
</application>