<application>
  <component name="GeneralSettings">
    <option name="confirmExit" value="false" />
    <option name="reopenLastProject" value="false" />
    <option name="searchInBackground" value="true" />
  </component>
  <component name="Registry">
    <entry key="ide.firstStartup" value="false" />
    <entry key="search.everywhere.files" value="false" />
    <entry key="ide.balloon.shadow.size" value="0" />
    <entry key="ide.tree.ui.experimental" value="false" />
    <entry key="js.debugger.webconsole" value="false" />
  </component>
</application>