<application>
  <component name="MaterialCustomThemeConfig">
    <option name="excludedColor" value="3c4150ff" />
    <option name="accentColor" value="99d5ffff" />
    <option name="notificationsColor" value="282c34ff" />
    <option name="treeSelectionColor" value="3a3f4b80" />
    <option name="highlightColor" value="383d48ff" />
    <option name="secondBorderColor" value="282c34ff" />
    <option name="tableSelectedColor" value="383e49ff" />
    <option name="contrastColor" value="21252bff" />
    <option name="disabledColor" value="6b727dff" />
    <option name="secondaryBackgroundColor" value="2f333dff" />
    <option name="buttonColor" value="3a3f4bff" />
    <option name="selectionForegroundColor" value="ffffffff" />
    <option name="selectionBackgroundColor" value="4d515dff" />
    <option name="textColor" value="979fadff" />
    <option name="foregroundColor" value="979fadff" />
    <option name="backgroundColor" value="282c34ff" />
  </component>
</application>