<application>
  <component name="MaterialThemeConfig">
    <option name="isContrastMode" value="true" />
    <option name="isWizardShown" value="true" />
    <option name="overrideAccentColor" value="false" />
    <option name="pristineConfig" value="false" />
    <option name="settingsSelectedTab" value="2" />
    <option name="accentColor" value="e97050" />
    <option name="selectedTheme" value="ONE_DARK" />
    <option name="userId" value="-5fe4b695:16c75b0ac32:-8000" />
    <option name="version" value="4.11.5" />
  </component>
</application>